{"x_mean": [89.99924482619703, 89.99739409301154, 0.1453028216859004], "x_std": [38.50676562926344, 38.736863722204966, 0.07790928252419715], "N": 100448693, "seed": 1234, "RR": 100, "H": 400, "L": 3, "learning_rate": 5e-05, "epoch_max": 500, "early_stopping": 100, "batch_size": 5000, "batch_per_epoch": 200, "epoch_store_every": 50, "progress_bar": false, "n_ene_win": 6, "gpu_mode": true, "loss_values": "", "final_epoch": 442, "best_epoch": 341, "best_epoch_index": 37, "best_loss": 0.0068878313197536555, "training_filename": "results.6QFA/train.root", "training_size": 100448693, "start date": "Tue Jul 30 09:51:03 2019", "end date": "Tue Jul 30 12:01:11 2019", "hostname": "ccwgpge013"}