{"x_mean": [90.0025253077491, 90.00596837744611, 0.08524052418983198], "x_std": [38.74769659846108, 38.877581506356464, 0.04333392541559255], "N": 100462828, "seed": 1234, "RR": 100, "H": 400, "L": 3, "learning_rate": 5e-05, "epoch_max": 500, "early_stopping": 100, "batch_size": 5000, "batch_per_epoch": 200, "epoch_store_every": 50, "progress_bar": false, "n_ene_win": 3, "gpu_mode": true, "loss_values": "", "final_epoch": 331, "best_epoch": 230, "best_epoch_index": 30, "best_loss": 0.004336518575773292, "training_filename": "results.xRiI/train.root", "training_size": 100462828, "start date": "Tue Jul 30 09:50:50 2019", "end date": "Tue Jul 30 11:30:39 2019", "hostname": "ccwgpge012"}