{"x_mean": [90.00955598360613, 90.00379567965496, 0.1302600817913625], "x_std": [38.47156358597968, 38.698671234018626, 0.06921775497183988], "N": 100654838, "seed": 1234, "RR": 100, "H": 400, "L": 3, "learning_rate": 5e-05, "epoch_max": 500, "early_stopping": 100, "batch_size": 5000, "batch_per_epoch": 200, "epoch_store_every": 50, "progress_bar": false, "n_ene_win": 7, "gpu_mode": true, "loss_values": "", "final_epoch": 469, "best_epoch": 368, "best_epoch_index": 49, "best_loss": 0.010484708723292421, "training_filename": "results.CEFg/train.root", "training_size": 100654838, "start date": "Tue Jul 30 09:59:47 2019", "end date": "Tue Jul 30 12:18:03 2019", "hostname": "ccwgpge014"}