{"x_mean": [89.99598504661527, 90.00283639878225, 0.40194644163743304], "x_std": [38.16727866106803, 38.33866947143023, 0.22233576293928406], "N": 104646904, "seed": 1234, "RR": 100, "H": 400, "L": 3, "learning_rate": 5e-05, "epoch_max": 500, "early_stopping": 100, "batch_size": 5000, "batch_per_epoch": 200, "epoch_store_every": 50, "progress_bar": false, "n_ene_win": 8, "gpu_mode": true, "loss_values": "", "final_epoch": 177, "best_epoch": 76, "best_epoch_index": 25, "best_loss": 0.17414557889326296, "training_filename": "results.bo6Z/train.root", "training_size": 104646904, "start date": "Tue Jul 30 09:51:41 2019", "end date": "Tue Jul 30 10:45:56 2019", "hostname": "ccwgpge015"}